spearman_rho,abs_spearman,spearman_na,iv,iv_n_bins,iv_outlier_flag,iv_na,kw_H,kw_pvalue,kw_eta2,kw_na,monotonicity,monotonicity_n_bins,monotonicity_direction_consistent,monotonicity_na,direction_weak,direction,variable_id,variable_name,source,category,is_main_pool,appendix_pool,selected_eligible,duplicate_alias_of,duplicate_alias_type,duplicate_alias_reason,stage3_exclude,n_dev,missing_rate_dev,abs_spearman_norm,iv_norm,kw_eta2_norm,monotonicity_norm,selection_score_default,selection_score_equal,selection_score_rho_heavy,selection_score_iv_heavy,selection_score_mono_heavy,rank_default_within_category,available_in_dev_all
-0.3480859479161636,0.3480859479161636,False,0.6245996757553576,10,False,False,259.1951749093523,1.9329200266213064e-51,0.128620161243908,False,0.8888888888888888,10.0,True,False,False,value_up_good,R225,R225,financial,CF_품질,True,False,True,,,,False,1962,0.1909278350515464,1.0,1.0,1.0,1.0,1.0,1.0,1.0,1.0,1.0,1.0,True
-0.21423475482063936,0.21423475482063936,False,0.19985545650369743,10,False,False,114.15276079385603,5.32452489729392e-21,0.05249889257856381,False,0.8888888888888888,10.0,True,False,False,value_up_good,R221,R221,financial,CF_품질,True,False,True,,,,False,2031,0.1624742268041237,0.30450459567071664,0.0,0.24194695573907082,1.0,0.3397407698490292,0.38661288785244685,0.3385443411962189,0.24719296249500394,0.5092903102819575,2.0,True
-0.1556314870206144,0.1556314870206144,False,0.23125119116560586,10,False,False,65.05537916646335,4.705914318385382e-11,0.02820335104620037,False,0.4444444444444444,10.0,True,False,False,value_up_good,R220,R220,financial,CF_품질,True,False,True,,,,False,2032,0.1620618556701031,0.0,0.0739168027224086,0.0,0.0,0.02217504081672258,0.01847920068060215,0.014783360544481719,0.0369584013612043,0.014783360544481719,3.0,True
0.24716545429294223,0.24716545429294223,False,0.33248963868238196,10,False,False,160.2580734489854,1.4124684242676836e-30,0.06302072576530854,False,0.75,10.0,True,False,False,value_down_good,cap_change_count_3y,cap_change_count_3y,nonfinancial,경영위험,True,False,True,,,,,2425,0.0,1.0,1.0,1.0,1.0,1.0,1.0,1.0,1.0,1.0,1.0,True
-0.149141404459911,0.149141404459911,False,0.29185431983212995,10,False,False,84.79150424732217,5.2802090289702644e-15,0.03695452562431288,False,0.5555555555555556,10.0,True,False,False,value_up_good,firm_age,firm_age,nonfinancial,경영위험,True,False,True,,,,,2087,0.13938144329896907,0.4876612368077779,0.8777847062805172,0.5863868620290549,0.0,0.5269111553322996,0.4879582012793375,0.5073455889643507,0.6243826298061724,0.39036656102347,2.0,True
-0.05583882262784212,0.05583882262784212,False,0.24497780880024375,10,False,False,29.89544051004015,0.00022056499466827515,0.010807226312951702,False,0.5555555555555556,10.0,True,False,False,value_up_good,list_age,list_age,nonfinancial,경영위험,True,False,True,,,,,2035,0.16082474226804125,0.0,0.7367983248171658,0.17148685899299548,0.0,0.2553368692437488,0.22707129595254033,0.1730826938123825,0.39412219125753223,0.18165703676203226,3.0,True
0.06419695155733182,0.06419695155733182,False,0.09702023047224333,10,False,False,29.34150030287439,0.0002761776622375659,0.00883340244324271,False,0.625,10.0,True,False,False,value_down_good,cap_change_cumulative,cap_change_cumulative,nonfinancial,경영위험,True,False,True,,,,,2425,0.0,0.04368513079830855,0.29179925984076766,0.14016662512168807,0.35714285714285704,0.20010721364463185,0.20819846822590532,0.15479883970698957,0.2292330784197273,0.23798734600929566,4.0,True
,,False,0.0,1,False,False,,,0.0,False,,,False,True,False,value_down_good,ma_count_3y,ma_count_3y,nonfinancial,경영위험,True,False,True,,,,,2425,0.0,0.0,0.0,0.0,0.0,0.0,0.0,0.0,0.0,0.0,5.0,True
,,False,0.0,1,False,False,,,0.0,False,,,False,True,False,value_down_good,ma_cumulative,ma_cumulative,nonfinancial,경영위험,True,False,True,,,,,2425,0.0,0.0,0.0,0.0,0.0,0.0,0.0,0.0,0.0,0.0,5.0,True
-0.49261389492450613,0.49261389492450613,False,1.3692142049556528,10,False,False,546.9258959161762,5.941114944973607e-113,0.2663993553713179,False,0.8888888888888888,10.0,True,False,False,value_up_good,R211,R211,financial,기타/복합,False,True,False,R064,exact_value_alias,Altman 이익잉여금/총자산 duplicates 이익잉여금/총자산.,True,2032,0.1620618556701031,1.0,1.0,1.0,1.0,1.0,1.0,1.0,1.0,1.0,1.0,True
-0.29084974256791185,0.29084974256791185,False,0.42027387036474306,10,False,False,189.8311001109505,8.838096940063019e-37,0.08988190811218512,False,0.7777777777777778,10.0,True,False,False,value_up_good,R212,R212,financial,기타/복합,False,True,False,,,,False,2032,0.1620618556701031,0.4403448747658511,0.25086565265739447,0.26850171778231535,0.8,0.42106350178343677,0.4399280613013903,0.43062082558175174,0.37377705894921476,0.5119424490411123,2.0,True
-0.24520065302428642,0.24520065302428642,False,0.2575556741387907,10,False,False,155.10660823877788,1.6849343000214712e-29,0.07271705795293024,False,0.8888888888888888,10.0,True,False,False,value_up_good,R214,R214,financial,기타/복합,False,True,False,,,,False,2032,0.1620618556701031,0.3137230411697129,0.1224089043381809,0.1973696081751204,1.0,0.37031350528739226,0.40837538842075355,0.36094874267876065,0.3035545016293011,0.5267003107366028,3.0,True
-0.21423475482063936,0.21423475482063936,False,0.19985545650369743,10,False,False,114.15276079385603,5.32452489729392e-21,0.05249889257856381,False,0.8888888888888888,10.0,True,False,False,value_up_good,R216,R216,financial,기타/복합,False,True,False,R010,exact_value_alias,OCF/매출액 duplicates 영업현금흐름마진.,True,2031,0.1624742268041237,0.22782956884207722,0.07685786882631557,0.11358438767376901,1.0,0.31412310883527167,0.35456795633554045,0.29632401633736705,0.25103250633263857,0.4836543650684324,4.0,True
-0.20637947607453544,0.20637947607453544,False,0.19131826730334617,10,False,False,107.01556058884489,1.5614719063424181e-19,0.048944913785884774,False,0.7777777777777778,10.0,True,False,False,value_up_good,R215,R215,financial,기타/복합,False,True,False,,,,False,2032,0.1620618556701031,0.2060405297137087,0.07011824418753088,0.09885649860529455,0.8,0.2626189318914308,0.29375381812663354,0.2518723884851547,0.21109570282730136,0.3950030545013069,5.0,True
-0.19921854488173463,0.19921854488173463,False,0.1839238773590819,10,False,False,92.52630654591121,1.426184556727114e-16,0.04180331678828448,False,0.6666666666666666,10.0,True,False,False,value_up_good,R217,R217,financial,기타/복합,False,True,False,,,,False,2031,0.1624742268041237,0.18617747774589924,0.06428079447339138,0.06926131684195018,0.6,0.20898974503417722,0.2299298972653102,0.20633409529392044,0.16976509031216808,0.30394391781224817,6.0,True
-0.185016461139377,0.185016461139377,False,0.18999328456595707,10,False,False,77.76491629024986,1.3759083056732472e-13,0.034485870632847186,False,0.6666666666666666,10.0,True,False,False,value_up_good,R210,R210,financial,기타/복합,False,True,False,R076,exact_value_alias,Altman 운전자본/총자산 duplicates 순운전자본/총자산.,True,2032,0.1620618556701031,0.14678361683166014,0.06907224578064251,0.038937406225540344,0.6,0.19254424002879886,0.21369831720946075,0.1830468685057896,0.15973345719048432,0.2909586537675686,7.0,True
-0.1320987432546629,0.1320987432546629,False,0.1024983776049601,10,False,False,62.73734343876549,1.349738516186387e-10,0.02705751035035368,False,0.7777777777777778,10.0,True,False,False,value_up_good,R213,R213,financial,기타/복합,False,True,False,,,,False,2032,0.1620618556701031,0.0,0.0,0.00815386119522361,0.8,0.16163077223904476,0.20203846529880592,0.12122307917928354,0.12122307917928354,0.3216307722390448,8.0,True
-0.16155974706834939,0.16155974706834939,False,0.357941333332816,10,False,False,86.60777631558173,2.26572839034102e-15,0.03887624941423429,False,0.3333333333333333,10.0,True,False,False,value_up_good,R219,R219,financial,기타/복합,False,True,False,,,,False,2031,0.1624742268041237,0.08171918344410288,0.2016576648150904,0.05713138413954778,0.0,0.09643933130566754,0.08512705809968527,0.0897608323060017,0.12574237671729796,0.06810164647974822,9.0,True
-0.14520773779045582,0.14520773779045582,False,0.2131868031058758,10,False,False,58.756881051751925,8.167534266475237e-10,0.025089906599976237,False,0.4444444444444444,10.0,True,False,False,value_up_good,R218,R218,financial,기타/복합,False,True,False,,,,False,2032,0.1620618556701031,0.036361840757799906,0.08738220768301129,0.0,0.19999999999999998,0.07712321453224336,0.08093601211020279,0.06565736191550221,0.08096347199306562,0.10474880968816225,10.0,True
-0.4296499212113788,0.4296499212113788,False,0.7813559810233253,10,False,False,381.64885185696767,1.5725367632992789e-77,0.1913204566599937,False,0.8888888888888888,10.0,True,False,False,value_up_good,R082,R082,financial,부채상환능력,True,False,True,,,,False,1962,0.1909278350515464,1.0,1.0,1.0,0.8333333333333333,0.9666666666666667,0.9583333333333333,0.975,0.975,0.9333333333333333,1.0,True
0.40122068453168275,0.40122068453168275,False,0.7042304530548031,10,False,False,351.7530838666603,3.825512351722581e-71,0.17000647075502487,False,1.0,10.0,True,False,False,value_down_good,R085,R085,financial,부채상환능력,True,False,True,,,,False,2031,0.1624742268041237,0.9332781518061493,0.8782806398053026,0.8884913951915722,1.0,0.9211659165217501,0.9250125467007559,0.925568913142871,0.909069659542617,0.9400100373606048,2.0,True
0.40122068453168275,0.40122068453168275,False,0.7042304530548031,10,False,False,351.7530838666603,3.825512351722581e-71,0.17000647075502487,False,1.0,10.0,True,False,False,value_down_good,R086,R086,financial,부채상환능력,True,False,False,R085,exact_value_alias,이자비용/매출액 uses the same numerator item code as 금융비용부담률.,True,2031,0.1624742268041237,0.9332781518061493,0.8782806398053026,0.8884913951915722,1.0,0.9211659165217501,0.9250125467007559,0.925568913142871,0.909069659542617,0.9400100373606048,2.0,True
-0.40807105799365656,0.40807105799365656,False,0.7222870920455096,10,False,False,340.0886484355333,1.1800700015649513e-68,0.17004027057630994,False,0.7777777777777778,10.0,True,False,False,value_up_good,R079,R079,financial,부채상환능력,True,False,True,,,,False,1962,0.1909278350515464,0.9493555999399373,0.9067775928000676,0.8886682260729979,0.6666666666666666,0.8679069363699343,0.8528670213699173,0.8893335524409319,0.8765601502989709,0.8156269504292673,4.0,True
-0.40807105799365656,0.40807105799365656,False,0.7222870920455096,10,False,False,340.0886484355333,1.1800700015649513e-68,0.17004027057630994,False,0.7777777777777778,10.0,True,False,False,value_up_good,R080,R080,financial,부채상환능력,True,False,False,R079,exact_value_alias,EBIT 이자보상배율 duplicates 이자보상배율 under current EBIT mapping.,True,1962,0.1909278350515464,0.9493555999399373,0.9067775928000676,0.8886682260729979,0.6666666666666666,0.8679069363699343,0.8528670213699173,0.8893335524409319,0.8765601502989709,0.8156269504292673,4.0,True
-0.41363752860981384,0.41363752860981384,False,0.7190551811782576,10,False,False,347.7814168831246,2.6941178338261547e-70,0.17397922011424713,False,0.6666666666666666,10.0,True,False,False,value_up_good,R081,R081,financial,부채상환능력,True,False,True,,,,False,1962,0.1909278350515464,0.9624197990111714,0.9016769972731398,0.909275669905631,0.49999999999999994,0.8410841728664196,0.8183431165474855,0.8729366494460582,0.8547138089246488,0.7546744932379884,6.0,True
-0.3480859479161636,0.3480859479161636,False,0.6245996757553576,10,False,False,259.1951749093523,1.9329200266213064e-51,0.128620161243908,False,0.8888888888888888,10.0,True,False,False,value_up_good,R083,R083,financial,부채상환능력,True,False,True,,,,False,1962,0.1909278350515464,0.8085738598751281,0.7526074999254581,0.6719702033164028,0.8333333333333333,0.769415115270123,0.7666212241125805,0.780603960420116,0.763814052435215,0.7799636459567312,7.0,True
-0.3157463412298345,0.3157463412298345,False,0.407477048378201,10,False,False,222.25096333016336,1.287900954512336e-43,0.1059075448987461,False,0.8888888888888888,10.0,True,False,False,value_up_good,R094,R094,financial,부채상환능력,True,False,True,,,,False,2032,0.1620618556701031,0.732674589265617,0.40994498617352015,0.5531443688858906,0.8333333333333333,0.6200814130755858,0.6322743194145902,0.6562979472003961,0.559479066272767,0.6724861221983389,8.0,True
-0.30693680407562374,0.30693680407562374,False,0.4241044646326794,10,False,False,214.84425213041595,4.725822688907102e-42,0.10224629368779829,False,0.8888888888888888,10.0,True,False,False,value_up_good,R091,R091,financial,부채상환능력,True,False,True,,,,False,2032,0.1620618556701031,0.7119990921608659,0.43618634258941474,0.533989762318811,0.8333333333333333,0.6179202495555131,0.6288771326006062,0.6483352789461375,0.5655914540747021,0.6697683727471517,9.0,True
0.30842697197712143,0.30842697197712143,False,0.24756331764639705,10,False,False,209.63550571517564,5.941139572207786e-41,0.09967153025960239,False,1.0,10.0,True,False,False,value_down_good,R109,R109,financial,부채상환능력,True,False,True,,,,False,2032,0.1620618556701031,0.7154964339160206,0.1575694432927436,0.5205193453414328,1.0,0.5660236322309158,0.5983963056375492,0.617340007417774,0.4499619102307909,0.6787170445100394,10.0,True
0.04062787405082085,0.04062787405082085,False,0.6089068156022291,10,False,False,12.715656690943556,0.12201467723769992,0.0023310215971050698,False,0.7777777777777778,10.0,True,False,False,value_down_good,R090,R090,financial,부채상환능력,True,False,True,,,,False,2032,0.1620618556701031,0.08698674300863067,0.7278410581548002,0.011261979746227604,0.6666666666666666,0.38003406963160813,0.3731891118940812,0.2907508800972095,0.48300717464106036,0.43188462284859835,11.0,True
0.03739035071072053,0.03739035071072053,False,0.6018003281641886,10,False,False,30.30038299425565,0.00018702845072930753,0.01102887388439943,False,0.6666666666666666,10.0,True,False,False,value_down_good,R088,R088,financial,부채상환능력,True,False,False,R089,exact_value_alias,이자비용/EBITDA uses the same numerator item code as 금융비용/EBITDA; keep financial-cost wording.,True,2031,0.1624742268041237,0.07938845455453027,0.7166256133212427,0.056766625273833145,0.49999999999999994,0.3501575454174985,0.3381951732874015,0.26653434373258866,0.4577054913626024,0.3705561386299212,12.0,True
0.03739035071072053,0.03739035071072053,False,0.6018003281641886,10,False,False,30.30038299425565,0.00018702845072930753,0.01102887388439943,False,0.6666666666666666,10.0,True,False,False,value_down_good,R089,R089,financial,부채상환능력,True,False,True,,,,False,2031,0.1624742268041237,0.07938845455453027,0.7166256133212427,0.056766625273833145,0.49999999999999994,0.3501575454174985,0.3381951732874015,0.26653434373258866,0.4577054913626024,0.3705561386299212,12.0,True
0.009187847692205282,0.009187847692205282,False,0.5995400586792604,10,False,False,26.612044425938574,0.0008246800656062507,0.00920021968657369,False,0.6666666666666666,10.0,True,False,True,value_down_good,R087,R087,financial,부채상환능력,True,False,True,,,,False,2032,0.1620618556701031,0.013198737739801132,0.7130584603587976,0.047199635824474145,0.49999999999999994,0.32731708659447445,0.31836420848076824,0.2312910063153312,0.44124892310103014,0.35469136678461455,14.0,True
0.023895099856817446,0.023895099856817446,False,0.36559531309684795,10,False,False,10.838383519428431,0.21102584732265398,0.0014030566087140045,False,0.75,10.0,True,False,True,value_down_good,R105,R105,financial,부채상환능력,True,False,True,,,,False,2032,0.1620618556701031,0.04771584621274052,0.3438473119459857,0.006407135531357699,0.625,0.2437503745538894,0.255742573422521,0.1873384558252711,0.27617789554524463,0.3295940587380168,15.0,True
-0.16337439081140506,0.16337439081140506,False,0.19567586655849553,10,False,False,66.4085270653095,2.5397730952323093e-11,0.02907343308377775,False,0.5555555555555556,10.0,True,False,False,value_up_good,R112,R112,financial,부채상환능력,True,False,True,,,,False,2018,0.16783505154639175,0.3750660379224053,0.0756807675856456,0.1511705359115277,0.33333333333333337,0.23212481550138747,0.233812668688228,0.27534475286506094,0.185529171764033,0.2537168016172491,16.0,True
0.049102984451545366,0.049102984451545366,False,0.2509827987581827,10,False,False,54.509447207621996,5.49810699745384e-09,0.02300170485045598,False,0.75,10.0,True,False,False,value_down_good,R108,R108,financial,부채상환능력,True,False,True,,,,False,2031,0.1624742268041237,0.10687735899506427,0.16296606181954676,0.11940501128875812,0.625,0.2298340285021349,0.2535621080258423,0.1976926435547552,0.21451925440209996,0.3278496864206738,17.0,True
0.02822005870611643,0.02822005870611643,False,0.3361054189843713,10,False,False,43.369177227811285,7.484155427323551e-07,0.017492174692290446,False,0.625,10.0,True,False,True,value_down_good,R101,R101,financial,부채상환능력,True,False,True,,,,False,2031,0.1624742268041237,0.057866285742257405,0.2973064176645872,0.09058074426398859,0.4375,0.2121679598748511,0.22081336191770828,0.16760653804364445,0.23943857762034337,0.26415068953416665,18.0,True
0.040437960606871874,0.040437960606871874,False,0.26463205951314905,10,False,False,15.966819746201963,0.04285749299653926,0.0039381214761255385,False,0.625,10.0,True,False,False,value_down_good,R107,R107,financial,부채상환능력,True,False,True,,,,False,2032,0.1620618556701031,0.08654102664558161,0.18450729894278786,0.019669861129671156,0.4375,0.17274846990244508,0.18205454667951015,0.14874745228079905,0.17813733396996093,0.23314363734360813,19.0,True
0.06522693469104816,0.06522693469104816,False,0.14772195727266432,10,False,False,33.47213747581736,5.0619157681515066e-05,0.012597496278841425,False,0.6666666666666666,10.0,True,False,False,value_down_good,R102,R102,financial,부채상환능력,True,False,True,,,,False,2031,0.1624742268041237,0.14471937959822917,0.0,0.0649732035954743,0.49999999999999994,0.15641045459856362,0.17742314579842586,0.1571056703384357,0.11368985645896697,0.24193851663874066,20.0,True
0.06522693469104816,0.06522693469104816,False,0.14772195727266432,10,False,False,33.47213747581736,5.0619157681515066e-05,0.012597496278841425,False,0.6666666666666666,10.0,True,False,False,value_down_good,R114,R114,financial,부채상환능력,True,False,False,R102,exact_value_alias,순차입금상환가능기간 duplicates 순차입금/EBITDA.,True,2031,0.1624742268041237,0.14471937959822917,0.0,0.0649732035954743,0.49999999999999994,0.15641045459856362,0.17742314579842586,0.1571056703384357,0.11368985645896697,0.24193851663874066,20.0,True
-0.021100684203792287,0.021100684203792287,False,0.3983836223780229,10,False,False,33.38500978400407,5.2486993642536346e-05,0.012554406421366997,False,0.3333333333333333,10.0,True,False,True,value_up_good,R103,R103,financial,부채상환능력,True,False,True,,,,False,2031,0.1624742268041237,0.04115750702508216,0.39559375871519736,0.06474776993375608,0.0,0.14397493370883507,0.1253747589185089,0.10940967074564398,0.21574054625267852,0.10029980713480713,22.0,True
0.04365473532607414,0.04365473532607414,False,0.23832687830675103,10,False,False,14.111933544091698,0.07889415995613609,0.0030212227108708345,False,0.5555555555555556,10.0,True,False,False,value_down_good,R104,R104,financial,부채상환능력,True,False,True,,,,False,2032,0.1620618556701031,0.09409061923248765,0.14299251245659172,0.014872912191073657,0.33333333333333337,0.14076618861160523,0.1463223443033716,0.12787474893622322,0.14254531690345446,0.18372454210936395,23.0,True
-0.0035640520505158322,0.0035640520505158322,False,0.2987158842126273,10,False,False,8.360869698812166,0.3990362632985999,0.00017838343984783315,False,0.4444444444444444,10.0,True,False,True,value_up_good,R106,R106,financial,부채상환능력,True,False,True,,,,False,2032,0.1620618556701031,0.0,0.2382983256583773,0.0,0.16666666666666663,0.10482283103084651,0.10124124808126098,0.07265966513167546,0.14414916282918866,0.11432633179834212,24.0,True
-0.33464010580107023,0.33464010580107023,False,0.2686059978482406,2,False,False,294.36829322643234,6.502058591791185e-59,0.11852992269305974,False,1.0,2.0,True,False,False,value_up_good,kospi_dummy,kospi_dummy,nonfinancial,산업위험,True,False,False,,,,,2425,0.0,1.0,0.7033988102015852,1.0,1.0,0.9110196430604756,0.9258497025503963,0.9406797620403171,0.8516994051007927,0.940679762040317,1.0,True
0.23605407641391035,0.23605407641391035,False,0.2376424704304893,10,False,False,138.47739192508718,4.918820722464853e-26,0.05450183455517426,False,0.6666666666666666,10.0,True,False,False,value_down_good,industry_avg_rating_lag1_self_excl,industry_avg_rating_lag1_self_excl,nonfinancial,산업위험,True,False,True,,,,,2403,0.009072164948453608,0.7016637133706864,0.6039938456481743,0.4423402769315309,0.49999999999999994,0.5801653230919644,0.5619994589875978,0.6129816673547076,0.5836807070379539,0.5495995671900783,2.0,True
0.23605407641391035,0.23605407641391035,False,0.2376424704304893,10,False,False,138.47739192508718,4.918820722464853e-26,0.05450183455517426,False,0.6666666666666666,10.0,True,False,False,value_down_good,industry_avg_rating,industry_avg_rating,nonfinancial,산업위험,True,False,False,,,,,2403,0.009072164948453608,0.7016637133706864,0.6039938456481743,0.4423402769315309,0.49999999999999994,0.5801653230919644,0.5619994589875978,0.6129816673547076,0.5836807070379539,0.5495995671900783,2.0,True
0.20208781069514306,0.20208781069514306,False,0.25009793491972754,10,False,False,110.38082437118933,3.179517953777175e-20,0.042765590798324704,False,0.7777777777777778,10.0,True,False,False,value_down_good,industry_bad_grade_share_lag1_self_excl,industry_bad_grade_share_lag1_self_excl,nonfinancial,산업위험,True,False,True,,,,,2403,0.009072164948453608,0.5988766384860031,0.6439807305190232,0.3401221624500492,0.6666666666666666,0.5742149765248511,0.5624115495304356,0.5792527897143136,0.5927840173242196,0.5832625729576817,4.0,True
0.18592079226085836,0.18592079226085836,False,0.17951032790517532,10,False,False,97.60600842985177,1.3160486130282942e-17,0.03742941037170082,False,0.625,10.0,True,False,False,value_down_good,industry_b_or_lower_share_lag1_self_excl,industry_b_or_lower_share_lag1_self_excl,nonfinancial,산업위험,True,False,True,,,,,2403,0.009072164948453608,0.5499527871499198,0.417367060877205,0.29364610818233333,0.4375,0.4364251760446041,0.42461648905236454,0.4681217219777509,0.4283460040959365,0.4271931912418917,5.0,True
0.21711339703579458,0.21711339703579458,False,0.17410684486522843,7,False,False,116.65614218458464,1.6234696506168623e-21,0.04538685972622583,False,0.5,7.0,True,False,False,value_down_good,industry_median_rating_lag1_self_excl,industry_median_rating_lag1_self_excl,nonfinancial,산업위험,True,False,True,,,,,2403,0.009072164948453608,0.6443463430796841,0.40001977893467855,0.36295239441439225,0.25,0.4359003154871872,0.41432962910718873,0.49411998648893657,0.4208220172454349,0.38146370328575097,6.0,True
-0.1254907193872518,0.1254907193872518,False,0.3609939295146347,9,False,False,,,,True,,,False,True,False,value_up_good,sector_7,sector_7,nonfinancial,산업위험,True,False,False,,,,,2425,0.0,0.367082215590024,1.0,0.0,0.0,0.4101246646770072,0.341770553897506,0.38354110779501205,0.5734164431180048,0.27341644311800484,7.0,True
0.13920689995160426,0.13920689995160426,False,0.11394324684940679,10,False,False,56.15025576543389,2.6370248831684714e-09,0.02035091114346318,False,0.6666666666666666,10.0,True,False,False,value_down_good,industry_downgrade_rate_lag1_self_excl,industry_downgrade_rate_lag1_self_excl,nonfinancial,산업위험,True,False,True,,,,,2375,0.020618556701030927,0.408589459585379,0.2068712320175148,0.14489902815811018,0.49999999999999994,0.31361801311249016,0.315089929940251,0.34240383041990896,0.2818883621495497,0.35207194395220076,8.0,True
0.05162109181341505,0.05162109181341505,False,0.09417410494915382,10,False,False,16.78786501170131,0.03239540798764213,0.003714228660905034,False,0.75,10.0,True,False,False,value_down_good,industry_net_downgrade_rate_lag1_self_excl,industry_net_downgrade_rate_lag1_self_excl,nonfinancial,산업위험,True,False,True,,,,,2375,0.020618556701030927,0.14354151188115655,0.143404598409117,0.0,0.625,0.21108383308708206,0.22798652757256838,0.19420167562240168,0.19416060158078982,0.30738922205805475,9.0,True
0.12420010209170214,0.12420010209170214,False,0.11532075627433538,10,False,False,56.54660598710883,2.207378058834746e-09,0.020278448616169103,False,0.3333333333333333,10.0,True,False,False,value_down_good,industry_rating_iqr_lag1_self_excl,industry_rating_iqr_lag1_self_excl,nonfinancial,산업위험,True,False,True,,,,,2403,0.009072164948453608,0.36317661178584043,0.21129357297723744,0.1442679077533179,0.0,0.20119463697958695,0.17968452312909894,0.2454872066513654,0.1999222950087845,0.14374761850327916,10.0,True
0.004187412630513394,0.004187412630513394,False,0.140123216351793,10,False,False,18.193226796254446,0.01982358327069082,0.004219050826264258,False,0.4444444444444444,10.0,True,False,True,value_down_good,sector_year_rating_count,sector_year_rating_count,nonfinancial,산업위험,True,False,False,,,,,2425,0.0,0.0,0.2909191153637167,0.004396804545011469,0.16666666666666663,0.12148842885145063,0.11549564664384869,0.08384334375449505,0.17111907836361004,0.12572985064841227,11.0,True
0.004187412630513394,0.004187412630513394,False,0.140123216351793,10,False,False,18.193226796254446,0.01982358327069082,0.004219050826264258,False,0.4444444444444444,10.0,True,False,True,value_down_good,sector_year_rating_count_lag1,sector_year_rating_count_lag1,nonfinancial,산업위험,True,False,False,,,,,2425,0.0,0.0,0.2909191153637167,0.004396804545011469,0.16666666666666663,0.12148842885145063,0.11549564664384869,0.08384334375449505,0.17111907836361004,0.12572985064841227,11.0,True
0.028165609377071524,0.028165609377071524,False,0.11086640247542238,10,False,False,17.264738128600897,0.02746745115272941,0.0038699825098583527,False,0.4444444444444444,10.0,True,False,True,value_down_good,industry_rating_std_lag1_self_excl,industry_rating_std_lag1_self_excl,nonfinancial,산업위험,True,False,True,,,,,2403,0.009072164948453608,0.07256166235625819,0.1969933650094769,0.0013565553931128899,0.16666666666666663,0.11447115262167643,0.10939456235637866,0.10088298748899141,0.13821249828495702,0.12084898321843625,13.0,True
0.07088511640234023,0.07088511640234023,False,0.049505186906469,10,False,False,17.54942079440176,0.024870216691323235,0.004036103463398885,False,0.375,10.0,True,False,False,value_down_good,industry_upgrade_rate_lag1_self_excl,industry_upgrade_rate_lag1_self_excl,nonfinancial,산업위험,True,False,True,,,,,2375,0.020618556701030927,0.20183737385188172,0.0,0.002803404231513062,0.06250000000000001,0.07361189300186713,0.0667851945208487,0.11071419756066783,0.050162985405103305,0.06592815561667897,14.0,True
-0.12608957916236918,0.12608957916236918,False,0.5307767226164496,10,False,False,43.96045166667318,5.788315249938532e-07,0.021689054081226285,False,0.4444444444444444,10.0,True,False,False,value_up_good,R185,R185,financial,성장성,True,False,False,R241,exact_value_alias,R185 and R241 are both 이익잉여금증가율 and value-identical in current Stage00_02 artifacts; keep R241 as current canonical selected growth variable.,True,1667,0.31257731958762885,1.0,1.0,0.9556456312657857,0.0,0.7911291262531571,0.7389114078164465,0.8433468446898678,0.8433468446898678,0.5911291262531572,1.0,True
-0.11700867527425418,0.11700867527425418,False,0.19006418825185106,10,False,False,42.46587062918388,1.1071307258770797e-06,0.01765669601904912,False,0.6666666666666666,10.0,True,False,False,value_up_good,R182,R182,financial,성장성,True,False,True,,,,False,1961,0.19134020618556702,0.9206877641383976,0.3218897057187558,0.7638658690995124,0.5,0.6255464147770485,0.6266108347391665,0.7143017035778767,0.5346622860519842,0.6012886677913332,2.0,True
-0.1122060574805292,0.1122060574805292,False,0.248023795080058,10,False,False,29.24757545687953,0.000286884613215048,0.013027330139104556,False,0.6666666666666666,10.0,True,False,False,value_up_good,R174,R174,financial,성장성,True,False,True,,,,False,1640,0.3237113402061856,0.8787419006095951,0.43724503338815773,0.5436922947922063,0.5,0.6035345391577671,0.5899198071974898,0.68337380120126,0.5509247410348288,0.571935845757992,3.0,True
-0.07376592026262448,0.07376592026262448,False,0.07725821552535984,10,False,False,52.72299867759676,1.2200953961399997e-08,0.02262164829418147,False,0.8888888888888888,10.0,True,False,False,value_up_good,R205,R205,financial,성장성,True,False,True,,,,False,1986,0.18103092783505154,0.5430073452016225,0.09737524368142637,1.0,1.0,0.5921147766649146,0.6600956472207622,0.5909787213370966,0.45728909088103775,0.7280765177766098,4.0,True
-0.11037022401059508,0.11037022401059508,False,0.32459726956379453,10,False,False,30.394366238620023,0.00017999255963549186,0.011472523687817635,False,0.5555555555555556,10.0,True,False,False,value_up_good,R180,R180,financial,성장성,True,False,True,,,,False,1961,0.19134020618556702,0.8627078076421975,0.5896470030225898,0.4697453865949221,0.2500000000000001,0.5796555205184206,0.5430250493149273,0.657245112414855,0.5753268710289726,0.4844200394519419,5.0,True
-0.07860582082319625,0.07860582082319625,False,0.20112892603348276,10,False,False,16.072533842872872,0.04135361807960062,0.003834932941982362,False,0.5555555555555556,10.0,True,False,False,value_up_good,R169,R169,financial,성장성,True,False,True,,,,False,2114,0.12824742268041237,0.5852788348612771,0.3439115330261655,0.10650003135264159,0.2500000000000001,0.3500571166367611,0.3214225998100211,0.41489672873876793,0.34248653818823444,0.3071380798480169,6.0,True
-0.0448397099413739,0.0448397099413739,False,0.4179550127556939,10,False,False,15.215012609166479,0.05509706610883124,0.003709518050985336,False,0.4444444444444444,10.0,True,False,False,value_up_good,R184,R184,financial,성장성,True,False,True,,,,False,1954,0.19422680412371135,0.2903670305536531,0.7754542167998989,0.10053527385922284,0.0,0.3398534289779101,0.2915891303031937,0.31535464971568977,0.4608808055895635,0.233271304242555,7.0,True
-0.05783663020250281,0.05783663020250281,False,0.14131768142041926,10,False,False,11.851050555500478,0.15797439622803222,0.001972874259989999,False,0.4444444444444444,10.0,True,False,False,value_up_good,R181,R181,financial,성장성,True,False,True,,,,False,1961,0.19134020618556702,0.4038815901091414,0.2248709442743295,0.01794014513575881,0.0,0.19221378934219302,0.16167316987980743,0.2496060056798004,0.19590281192935685,0.12933853590384595,8.0,True
-0.04465253383740483,0.04465253383740483,False,0.028332596287806894,10,False,False,17.966388516761526,0.021479892957057826,0.004928975527577412,False,0.5555555555555556,10.0,True,False,False,value_up_good,R204,R204,financial,성장성,True,False,True,,,,False,2031,0.1624742268041237,0.2887322422673152,0.0,0.15853291722982213,0.2500000000000001,0.168326256126159,0.17431628987428435,0.20564605871813094,0.11902638603793636,0.18945303189942753,9.0,True
-0.011593955763718272,0.011593955763718272,False,0.19743221136174144,10,False,False,11.02218964128042,0.20044507049297186,0.0015956650693138437,False,0.5555555555555556,10.0,True,False,True,value_up_good,R170,R170,financial,성장성,True,False,True,,,,False,1903,0.21525773195876288,0.0,0.3365540688266072,0.0,0.2500000000000001,0.15096622064798218,0.14663851720665183,0.10481081376532145,0.2057770344133036,0.16731081376532148,10.0,True
-0.03390396347960492,0.03390396347960492,False,0.043190991459986505,10,False,False,16.55546091072273,0.03508566186277002,0.00440775935637441,False,0.4444444444444444,10.0,True,False,False,value_up_good,R188,R188,financial,성장성,True,False,True,,,,False,1950,0.1958762886597938,0.19485467700549264,0.02957223379393416,0.13374377107533672,0.0,0.09407682745489537,0.08954267046869088,0.12340335092283365,0.07381861795936612,0.0716341363749527,11.0,True
-0.356113874145623,0.356113874145623,False,0.6257980885462159,10,False,False,282.9098869658592,1.7776425180679593e-56,0.13595939019083045,False,0.7777777777777778,10.0,True,False,False,value_up_good,R006,R006,financial,수익성,True,False,True,,,,False,2031,0.1624742268041237,0.9573623523722468,0.9589722871329118,0.9460241884390592,0.7500000000000001,0.9141052295393595,0.9030897069860544,0.9248792618785647,0.9253622423067642,0.8724717655888437,1.0,True
-0.36903678776936444,0.36903678776936444,False,0.651483280855314,10,False,False,287.9424364092429,1.5130412522342612e-57,0.14341313340637443,False,0.6666666666666666,10.0,True,False,False,value_up_good,R016,R016,financial,수익성,True,False,True,,,,False,1961,0.19134020618556702,1.0,1.0,1.0,0.5,0.9,0.875,0.9249999999999999,0.9249999999999999,0.8,2.0,True
-0.33390201341495956,0.33390201341495956,False,0.6032913650299379,10,False,False,249.14272648085353,2.61786939955258e-49,0.11925950864532815,False,0.7777777777777778,10.0,True,False,False,value_up_good,R007,R007,financial,수익성,True,False,True,,,,False,2031,0.1624742268041237,0.8840769061822439,0.9230216359214077,0.8250930491008657,0.7500000000000001,0.8571481724512686,0.8455478978011293,0.8629067376405335,0.8745901565622827,0.8264383182409035,3.0,True
-0.3492991037863229,0.3492991037863229,False,0.6293135563350996,10,False,False,258.8462031490708,2.2921891668852388e-51,0.12850727620341743,False,0.6666666666666666,10.0,True,False,False,value_up_good,R017,R017,financial,수익성,True,False,True,,,,False,1961,0.19134020618556702,0.9348778116793429,0.9645876471932968,0.8920601748309112,0.5,0.8482516726279742,0.8228814084258878,0.8691654615029675,0.8780784121571535,0.7583051267407102,4.0,True
-0.3189157569697227,0.3189157569697227,False,0.5534069864212371,10,False,False,291.6088323037195,2.5123113642477023e-58,0.12780929801880103,False,0.7777777777777778,10.0,True,False,False,value_up_good,R008,R008,financial,수익성,True,False,True,,,,False,2228,0.08123711340206186,0.8346314993509816,0.843339851277501,0.8870058098122804,0.7500000000000001,0.8307925671510009,0.8287442901101907,0.831534591402833,0.8341470969807889,0.8129954320881527,5.0,True
-0.32396794487062464,0.32396794487062464,False,0.5726312108243368,10,False,False,239.0868145797353,3.5344932424898687e-47,0.11428625844695119,False,0.7777777777777778,10.0,True,False,False,value_up_good,R009,R009,financial,수익성,True,False,True,,,,False,2031,0.1624742268041237,0.8513006046115869,0.8740472701440307,0.7890795713366715,0.7500000000000001,0.8254202766940196,0.8161068615230722,0.8313216920351003,0.8381456916948334,0.8028854892184579,6.0,True
-0.3344696307041767,0.3344696307041767,False,0.5904377396757475,10,False,False,241.6253664366917,1.0250212993029269e-47,0.11968512624830517,False,0.6666666666666666,10.0,True,False,False,value_up_good,R018,R018,financial,수익성,True,False,True,,,,False,1961,0.19134020618556702,0.8859496932850376,0.902490162222998,0.8281751321390094,0.5,0.8021669830802126,0.7791537469117613,0.8226991489079698,0.8276612895893579,0.7233229975294091,7.0,True
-0.2880477291875708,0.2880477291875708,False,0.5536545796943121,10,False,False,183.2511965292133,2.1365006367372932e-35,0.0897803260907855,False,0.7777777777777778,10.0,True,False,False,value_up_good,R022,R022,financial,수익성,True,False,True,,,,False,1961,0.19134020618556702,0.732786038655405,0.8437353392922801,0.6116214071993354,0.7500000000000001,0.7452806948241726,0.7345356962867552,0.739383298266059,0.7726680884571214,0.7376285570294042,8.0,True
-0.29584646020129535,0.29584646020129535,False,0.4222342363830493,10,False,False,185.30931883788344,7.891856517158483e-36,0.09083469202760422,False,0.7777777777777778,10.0,True,False,False,value_up_good,R013,R013,financial,수익성,True,False,True,,,,False,1961,0.19134020618556702,0.758517042869186,0.6338137609220555,0.6192565316564433,0.7500000000000001,0.6915505474686612,0.6903968338619212,0.7114097533674706,0.6739987687833315,0.702317467089537,9.0,True
-0.29584646020129535,0.29584646020129535,False,0.4222342363830493,10,False,False,185.30931883788344,7.891856517158483e-36,0.09083469202760422,False,0.7777777777777778,10.0,True,False,False,value_up_good,R014,R014,financial,수익성,True,False,False,R013,exact_value_alias,EBIT/총자산 duplicates 영업이익/총자산.,True,1961,0.19134020618556702,0.758517042869186,0.6338137609220555,0.6192565316564433,0.7500000000000001,0.6915505474686612,0.6903968338619212,0.7114097533674706,0.6739987687833315,0.702317467089537,9.0,True
-0.29842202390214656,0.29842202390214656,False,0.39477203385469817,10,False,False,183.94593409152185,1.5265763554826305e-35,0.09013623672721406,False,0.7777777777777778,10.0,True,False,False,value_up_good,R015,R015,financial,수익성,True,False,True,,,,False,1961,0.19134020618556702,0.7670148151763517,0.5899475773843949,0.6141987116340175,0.7500000000000001,0.6799284600950275,0.6802902760486911,0.7061267298101574,0.6530065584725704,0.6942322208389529,11.0,True
-0.2735545040487716,0.2735545040487716,False,0.5493987538338807,10,False,False,173.13130467259467,2.8446979323021375e-33,0.08459595526259972,False,0.5555555555555556,10.0,True,False,False,value_up_good,R023,R023,financial,수익성,True,False,True,,,,False,1961,0.19134020618556702,0.6849673311680677,0.8369373835163267,0.5740791127048542,0.2500000000000001,0.6213872369462893,0.5864959568473121,0.6334830091930274,0.679074024897505,0.5191967654778498,12.0,True
-0.2630774849168582,0.2630774849168582,False,0.3858249939406141,10,False,False,162.05185906909992,5.95365023457154e-31,0.07618786304109788,False,0.7777777777777778,10.0,True,False,False,value_up_good,R002,R002,financial,수익성,True,False,True,,,,False,2031,0.1624742268041237,0.6503996274023267,0.5756562074702442,0.5131924429858903,0.7500000000000001,0.6204552390589493,0.6223120694646153,0.6298099216430958,0.607386895663471,0.6478496555716923,13.0,True
-0.2630774849168582,0.2630774849168582,False,0.3858249939406141,10,False,False,162.05185906909992,5.95365023457154e-31,0.07618786304109788,False,0.7777777777777778,10.0,True,False,False,value_up_good,R003,R003,financial,수익성,True,False,False,R002,exact_value_alias,정상영업이익률 duplicates 영업이익률 under current source mapping.,True,2031,0.1624742268041237,0.6503996274023267,0.5756562074702442,0.5131924429858903,0.7500000000000001,0.6204552390589493,0.6223120694646153,0.6298099216430958,0.607386895663471,0.6478496555716923,13.0,True
-0.2630774849168582,0.2630774849168582,False,0.3858249939406141,10,False,False,162.05185906909992,5.95365023457154e-31,0.07618786304109788,False,0.7777777777777778,10.0,True,False,False,value_up_good,R004,R004,financial,수익성,True,False,False,R002,exact_value_alias,EBIT마진 duplicates 영업이익률 under current source mapping.,True,2031,0.1624742268041237,0.6503996274023267,0.5756562074702442,0.5131924429858903,0.7500000000000001,0.6204552390589493,0.6223120694646153,0.6298099216430958,0.607386895663471,0.6478496555716923,13.0,True
-0.26186108419751974,0.26186108419751974,False,0.3914952925770189,10,False,False,155.33572100281708,1.509140903596978e-29,0.07286633086192734,False,0.7777777777777778,10.0,True,False,False,value_up_good,R005,R005,financial,수익성,True,False,True,,,,False,2031,0.1624742268041237,0.6463862549729069,0.584713542199354,0.4891397771222963,0.7500000000000001,0.6171578945761376,0.6175598935736394,0.6260068024946688,0.6075049886626028,0.6440479148589116,16.0,True
-0.21531882546314093,0.21531882546314093,False,0.4194007939240508,10,False,False,105.84005321074619,2.7206767260815135e-19,0.05012297807927571,False,0.6666666666666666,10.0,True,False,False,value_up_good,R021,R021,financial,수익성,True,False,True,,,,False,1961,0.19134020618556702,0.49282549572814843,0.6292878199738918,0.3244452218416164,0.5,0.5015230390789354,0.4866396343859142,0.4959370951350951,0.5368757924088181,0.4893117075087314,17.0,True
-0.21423475482063936,0.21423475482063936,False,0.19985545650369743,10,False,False,114.15276079385603,5.32452489729392e-21,0.05249889257856381,False,0.8888888888888888,10.0,True,False,False,value_up_good,R010,R010,financial,수익성,True,False,True,,,,False,2031,0.1624742268041237,0.48924873096716953,0.27860159747675134,0.34165025689448036,1.0,0.49868514991207236,0.5273751463346004,0.5015922235131071,0.43839808346598164,0.6219001170676803,18.0,True
-0.2436660159852207,0.2436660159852207,False,0.25167452130700435,10,False,False,143.2369274641842,5.031941473723734e-27,0.06928121284025829,False,0.6666666666666666,10.0,True,False,False,value_up_good,R019,R019,financial,수익성,True,False,True,,,,False,1961,0.19134020618556702,0.5863537476307791,0.3613737132626252,0.46317837099848486,0.5,0.47695391246771823,0.4777264579729723,0.5099283721176873,0.44243436180724116,0.4821811663783779,19.0,True
-0.17672017698235568,0.17672017698235568,False,0.1453831050794826,10,False,False,69.87062896426141,5.214650828772573e-12,0.03169601893660933,False,0.6666666666666666,10.0,True,False,False,value_up_good,R012,R012,financial,수익성,True,False,True,,,,False,1961,0.19134020618556702,0.3654737528667149,0.191591308959808,0.19100755897022023,0.5,0.3053210303420009,0.3120181551991858,0.32470627207085206,0.27254153889878,0.3496145241593486,20.0,True
-0.1556314870206144,0.1556314870206144,False,0.23125119116560586,10,False,False,65.05537916646335,4.705914318385382e-11,0.02820335104620037,False,0.4444444444444444,10.0,True,False,False,value_up_good,R031,R031,financial,수익성,True,False,True,,,,False,2032,0.1620618556701031,0.295894077748579,0.32875092754440277,0.16571562464324677,0.0,0.22053662651654388,0.19759015748405712,0.23855456807965708,0.2484116230184042,0.1580721259872457,21.0,True
-0.06594986007193256,0.06594986007193256,False,0.02543833430157959,10,False,False,18.75500701898727,0.01622622898659768,0.005318994569232083,False,0.6666666666666666,10.0,True,False,False,value_up_good,R033,R033,financial,수익성,True,False,True,,,,False,2031,0.1624742268041237,0.0,0.0,0.0,0.5,0.1,0.125,0.075,0.075,0.2,22.0,True
-0.08221320610420825,0.08221320610420825,False,0.06843881393309792,10,False,False,22.612805868999622,0.0038986051573572608,0.007226906957962227,False,0.5555555555555556,10.0,True,False,False,value_up_good,R001,R001,financial,수익성,True,False,True,,,,False,2031,0.1624742268041237,0.05365901510774229,0.06868593040839685,0.013816027275279145,0.2500000000000001,0.0894666891098976,0.09654024319785459,0.0801390977268424,0.08464717231703876,0.12723219455828372,23.0,True
-0.08759901421642453,0.08759901421642453,False,0.03642771548350383,10,False,False,25.72028570323073,0.0011725021785743573,0.008759409640746776,False,0.5555555555555556,10.0,True,False,False,value_up_good,R032,R032,financial,수익성,True,False,True,,,,False,2032,0.1620618556701031,0.07142886137967677,0.017553661669851048,0.024913548833321992,0.2500000000000001,0.08167746668152276,0.09097401797071247,0.08046219534880691,0.06429963543585919,0.12277921437657001,24.0,True
0.017420949064222688,0.017420949064222688,False,0.33042382417693056,10,False,False,115.39016544703938,2.9606028795300744e-21,0.04444957179099312,False,0.5,10.0,True,False,True,value_down_good,ratio_missing_rate,ratio_missing_rate,nonfinancial,신뢰도,True,False,True,,,,,2425,0.0,0.5,0.5088917542840006,1.0,1.0,0.7026675262852002,0.7522229385710002,0.6517783508568001,0.6544458771420003,0.8017783508568002,1.0,True
-0.017420949064222688,0.017420949064222688,False,0.6493008019786635,10,False,False,115.39016544703938,2.9606028795300744e-21,0.04444957179099312,False,0.25,10.0,True,False,True,value_up_good,financial_data_completeness,financial_data_completeness,nonfinancial,신뢰도,True,False,True,,,,,2425,0.0,0.5,1.0,1.0,0.0,0.6499999999999999,0.625,0.6,0.75,0.5,2.0,True
-0.017420949064222688,0.017420949064222688,False,0.6493008019786635,10,False,False,115.39016544703938,2.9606028795300744e-21,0.04444957179099312,False,0.25,10.0,True,False,True,value_up_good,ratio_available_count,ratio_available_count,nonfinancial,신뢰도,True,False,True,,,,,2425,0.0,0.5,1.0,1.0,0.0,0.6499999999999999,0.625,0.6,0.75,0.5,2.0,True
,,False,0.0,1,False,False,,,0.0,False,,,False,True,False,value_down_good,statement_coverage_count,statement_coverage_count,nonfinancial,신뢰도,True,False,True,,,,,2425,0.0,0.5,0.0,0.0,0.0,0.15,0.125,0.25,0.1,0.1,4.0,True
-0.49261389492450613,0.49261389492450613,False,1.3692142049556528,10,False,False,546.9258959161762,5.941114944973607e-113,0.2663993553713179,False,0.8888888888888888,10.0,True,False,False,value_up_good,R064,R064,financial,안정성,True,False,True,,,,False,2032,0.1620618556701031,0.9598687311571679,0.9652806059291192,0.9374079019161202,0.7499999999999999,0.9150263815091102,0.9031393097506019,0.9261016720518257,0.9277252344834112,0.8725114478004814,1.0,True
-0.4723554350953306,0.4723554350953306,False,1.232224323609691,10,False,False,494.0159797399574,1.3522594307586764e-101,0.2402451704102607,False,1.0,10.0,True,False,False,value_up_good,R065,R065,financial,안정성,True,False,True,,,,False,2032,0.1620618556701031,0.9124499014460434,0.8681800338919792,0.8417703133623802,1.0,0.9025430432738828,0.9056000621751007,0.9061265045057746,0.8928455442395553,0.9244800497400806,2.0,True
-0.5097589341989703,0.5097589341989703,False,1.4181964671029288,10,False,False,581.55394031789,2.158656372655432e-120,0.283516530063218,False,0.7777777777777778,10.0,True,False,False,value_up_good,R063,R063,financial,안정성,True,False,True,,,,False,2032,0.1620618556701031,1.0,1.0,1.0,0.5,0.9,0.875,0.9249999999999999,0.9249999999999999,0.8,3.0,True
0.38999771587478865,0.38999771587478865,False,0.6572766754086865,10,False,False,351.6854189864216,3.954882917690802e-71,0.16988898615245754,False,0.8888888888888888,10.0,True,False,False,value_down_good,R067,R067,financial,안정성,True,False,True,,,,False,2032,0.1620618556701031,0.7196757865307923,0.4606481418777402,0.5844999831158932,0.7499999999999999,0.6209971751457384,0.6287059778811064,0.6521425191083281,0.5744342257124125,0.6529647823048852,4.0,True
0.3768681303306097,0.3768681303306097,False,0.371904755559265,10,False,False,301.42974930583625,2.0433919787233924e-60,0.14504683603847565,False,0.875,10.0,True,False,False,value_down_good,R059,R059,financial,안정성,True,False,True,,,,False,2032,0.1620618556701031,0.6889434610555638,0.2583720585023856,0.49366009133838984,0.71875,0.5266766741350628,0.5399314027240848,0.5780076559290175,0.44883623516306403,0.5756951221792679,5.0,True
0.36195824472396576,0.36195824472396576,False,0.42327091164350517,10,False,False,278.6711142344911,1.414994641628023e-55,0.13379689284947657,False,0.875,10.0,True,False,False,value_down_good,R046,R046,financial,안정성,True,False,True,,,,False,2032,0.1620618556701031,0.6540440001609314,0.29478119390803337,0.4525226045627763,0.71875,0.5189020791332447,0.5300244496579353,0.5616691295464888,0.45389028767061945,0.5677695597263483,6.0,True
0.33347367395814587,0.33347367395814587,False,0.3371092851915478,10,False,False,237.09231379387913,9.345563250497925e-47,0.11324385259213007,False,0.875,10.0,True,False,False,value_down_good,R048,R048,financial,안정성,True,False,True,,,,False,2032,0.1620618556701031,0.5873703723566277,0.2337084844937766,0.37736663198755216,0.71875,0.4655469834526317,0.4792988722094891,0.504844377875202,0.39874581151634664,0.5271890977675913,7.0,True
0.3152449875777034,0.3152449875777034,False,0.3378066341554144,10,False,False,215.09291263122753,4.187688959774319e-42,0.10236921039605909,False,0.7777777777777778,10.0,True,False,False,value_down_good,R050,R050,financial,안정성,True,False,True,,,,False,2032,0.1620618556701031,0.5447026186073106,0.2342027763541363,0.33760150233179953,0.5,0.401191918954794,0.40412672432331165,0.4448320899242525,0.3516821372483002,0.4233013794586493,8.0,True
0.2995833681088648,0.2995833681088648,False,0.2898606682888315,10,False,False,194.10309689209535,1.115312543895985e-37,0.09199362179540056,False,0.7777777777777778,10.0,True,False,False,value_down_good,R052,R052,financial,안정성,True,False,True,,,,False,2032,0.1620618556701031,0.5080435797240218,0.2002179253069197,0.299661253952041,0.5,0.37241070229969064,0.3769806897457456,0.41401456301620104,0.32166686669107036,0.4015845517965965,9.0,True
0.30923331429044315,0.30923331429044315,False,0.265789167276688,10,False,False,215.4915995426523,3.4497750051128356e-42,0.10256628746547321,False,0.75,10.0,True,False,False,value_down_good,R049,R049,financial,안정성,True,False,True,,,,False,2032,0.1620618556701031,0.5306311386285134,0.18315566862703514,0.3383221508898054,0.43749999999999994,0.3693004723546256,0.3724022395363385,0.41832002567313453,0.3140773846726911,0.38542179162907075,10.0,True
0.317826821653528,0.317826821653528,False,0.3534405007723937,10,False,False,218.28244248064766,8.879250667383143e-43,0.10394584403393359,False,0.6666666666666666,10.0,True,False,False,value_down_good,R047,R047,financial,안정성,True,False,True,,,,False,2032,0.1620618556701031,0.5507458988673226,0.2452843057105072,0.3433667532613751,0.24999999999999986,0.357482412025624,0.3473492394598012,0.413434823564969,0.32179634561792436,0.32787939156784096,11.0,True
0.2778545078120393,0.2778545078120393,False,0.33437435420389405,10,False,False,168.9426021678919,2.148173997319714e-32,0.07955640245570533,False,0.6666666666666666,10.0,True,False,False,value_down_good,R051,R051,financial,안정성,True,False,True,,,,False,2032,0.1620618556701031,0.45718299432314663,0.23176992260311685,0.2541822735237284,0.24999999999999986,0.3075223297826247,0.2982837976124979,0.3505728227107559,0.28294890119474697,0.28862703808999834,12.0,True
-0.24627189847766154,0.24627189847766154,False,0.29218986931336843,10,False,False,134.07341364356398,4.0428801906141412e-25,0.06232002651683835,False,0.6666666666666666,10.0,True,False,False,value_up_good,R045,R045,financial,안정성,True,False,True,,,,False,2032,0.1620618556701031,0.38325781015376464,0.20186889944931533,0.19115429415241833,0.24999999999999986,0.2637688717114076,0.25657025093887453,0.2981758290896081,0.24375915587827335,0.2552562007510996,13.0,True
0.24627189847766154,0.24627189847766154,False,0.29218986931336843,10,False,False,134.07341364356398,4.0428801906141412e-25,0.06232002651683835,False,0.6666666666666666,10.0,True,False,False,value_down_good,R044,R044,financial,안정성,True,False,True,,,,False,2032,0.1620618556701031,0.38325781015376464,0.20186889944931533,0.19115429415241833,0.24999999999999986,0.2637688717114076,0.25657025093887453,0.2981758290896081,0.24375915587827335,0.2552562007510996,13.0,True
0.22806573181525605,0.22806573181525605,False,0.22967747118283127,10,False,False,116.67900243588792,1.605946147126828e-21,0.053721701648980685,False,0.6666666666666666,10.0,True,False,False,value_down_good,R053,R053,financial,안정성,True,False,True,,,,False,2032,0.1620618556701031,0.34064276814481387,0.15755913322242798,0.15971293755163052,0.24999999999999986,0.23140315792049865,0.22697870972971806,0.26329015134963707,0.20836506087292134,0.23158296778377443,15.0,True
0.21525057535396327,0.21525057535396327,False,0.20870100844187334,10,False,False,103.80942871348634,7.093685802422141e-19,0.047360073511362503,False,0.6666666666666666,10.0,True,False,False,value_down_good,R043,R043,financial,안정성,True,False,True,,,,False,2032,0.1620618556701031,0.3106464245390527,0.14269068811210003,0.13645047400083252,0.24999999999999986,0.2132912285955123,0.2099468966629963,0.2418289209920712,0.1914422000639854,0.217957517330397,16.0,True
-0.185016461139377,0.185016461139377,False,0.18999328456595707,10,False,False,77.76491629024986,1.3759083056732472e-13,0.034485870632847186,False,0.6666666666666666,10.0,True,False,False,value_up_good,R076,R076,financial,안정성,True,False,True,,,,False,2032,0.1620618556701031,0.23987765309753187,0.12943036061917546,0.08937358287667296,0.24999999999999986,0.17866712069034674,0.17717039914834504,0.19673093610410194,0.16359674836059504,0.19173631931867602,17.0,True
0.16375721509265748,0.16375721509265748,False,0.12270604169074789,10,False,False,67.56874997320203,1.4953050150025228e-11,0.02944574887454376,False,0.6666666666666666,10.0,True,False,False,value_down_good,R060,R060,financial,안정성,True,False,True,,,,False,2032,0.1620618556701031,0.1901162903593599,0.08173610970231833,0.07094345050209902,0.24999999999999986,0.14574441011892325,0.1481989626409443,0.15954688469545847,0.12703283049834596,0.1685591701127554,18.0,True
-0.15054500174990862,0.15054500174990862,False,0.17547366956331598,10,False,False,53.97272999800316,6.988091475970877e-09,0.0227362660722073,False,0.6666666666666666,10.0,True,False,False,value_up_good,R077,R077,financial,안정성,True,False,True,,,,False,2031,0.1624742268041237,0.15919055859644574,0.11913863024709824,0.046408992379481616,0.24999999999999986,0.14278055512895949,0.14368454530575636,0.14788435420456475,0.1358687756997605,0.16494763624460507,19.0,True
0.13854880357590688,0.13854880357590688,False,0.12696364893064727,10,False,False,50.314216686821965,3.556092303757511e-08,0.0209165678135551,False,0.6666666666666666,10.0,True,False,False,value_down_good,R071,R071,financial,안정성,True,False,True,,,,False,2032,0.1620618556701031,0.13111114470266794,0.0847539683532039,0.03975493095061033,0.24999999999999986,0.12271052010688359,0.1264050110016205,0.12596960566456628,0.11206245275972707,0.1511240088012964,20.0,True
-0.08305245543569036,0.08305245543569036,False,0.008322341056867962,10,False,False,28.807843424443462,0.00034268099693404627,0.01028563688800962,False,0.7777777777777778,10.0,True,False,False,value_up_good,R056,R056,financial,안정성,True,False,True,,,,False,2032,0.1620618556701031,0.001211245883098864,0.000659152381469277,0.0008809763879119271,0.5,0.10073731475695283,0.12568784366312002,0.07586959987603008,0.0757039718255412,0.20055027493049601,21.0,True
0.08253498218264936,0.08253498218264936,False,0.007392406200337492,10,False,False,28.320457789333517,0.0004169989070559227,0.010044714675893978,False,0.6666666666666666,10.0,True,False,False,value_down_good,R055,R055,financial,안정성,True,False,True,,,,False,2032,0.1620618556701031,0.0,0.0,0.0,0.24999999999999986,0.049999999999999975,0.062499999999999965,0.03749999999999998,0.03749999999999998,0.09999999999999995,22.0,True
0.09261373167829501,0.09261373167829501,False,0.08372279017932624,10,False,False,34.346716187632104,3.515038750339244e-05,0.013023586845097431,False,0.5555555555555556,10.0,True,False,False,value_down_good,R054,R054,financial,안정성,True,False,True,,,,False,2032,0.1620618556701031,0.023591255705767675,0.054104170872711264,0.010892794070878613,0.0,0.025487186787719406,0.02214705516233939,0.024250381138057886,0.03340425568814096,0.017717644129871514,23.0,True
-0.47180168277853535,0.47180168277853535,False,0.8027281112402198,10,False,False,498.23883619231674,1.6792805026303963e-102,0.24233259327351298,False,0.8888888888888888,10.0,True,False,False,value_up_good,log_assets,log_assets,nonfinancial,영업위험,True,False,True,,,,,2032,0.1620618556701031,1.0,1.0,1.0,1.0,1.0,1.0,1.0,1.0,1.0,1.0,True
-0.45412211537445146,0.45412211537445146,False,0.7710574545675698,10,False,False,469.3768851471268,2.6001089943436573e-96,0.22817847930124965,False,0.8888888888888888,10.0,True,False,False,value_up_good,log_sales,log_sales,nonfinancial,영업위험,True,False,True,,,,,2031,0.1624742268041237,0.8106200615443122,0.7161606560023678,0.8275812177202239,1.0,0.8235504588080489,0.838590483816726,0.8226793446306632,0.7943415229680799,0.8708723870533809,2.0,True
-0.37844666561962625,0.37844666561962625,False,0.69114859507239,10,False,False,342.42319184082606,3.748251105066058e-69,0.1602411077339847,False,0.7777777777777778,10.0,True,False,False,value_up_good,log_emp,log_emp,nonfinancial,영업위험,True,False,True,,,,,2096,0.13567010309278352,0.0,0.0,0.0,0.0,0.0,0.0,0.0,0.0,0.0,3.0,True
0.37317178446256793,0.37317178446256793,False,0.5593805130032877,10,False,False,297.2040052409202,1.6206517526636831e-59,0.14302868706276964,False,0.8888888888888888,10.0,True,False,False,value_down_good,R122,R122,financial,유동성,True,False,False,,,,True,2031,0.1624742268041237,1.0,1.0,1.0,1.0,1.0,1.0,1.0,1.0,1.0,1.0,True
-0.3157463412298345,0.3157463412298345,False,0.407477048378201,10,False,False,222.25096333016336,1.287900954512336e-43,0.1059075448987461,False,0.8888888888888888,10.0,True,False,False,value_up_good,R131,R131,financial,유동성,True,False,False,R094,exact_value_alias,OCF/유동부채 duplicates debt-service OCF/유동부채.,True,2032,0.1620618556701031,0.841747081907469,0.7159676086583051,0.7404636585405239,1.0,0.815407138877837,0.8245445872765745,0.8251366114664741,0.7874027694917249,0.8596356698212596,2.0,True
-0.34667083229163337,0.34667083229163337,False,0.2987799943005248,10,False,False,272.8575850827477,2.4315291582324598e-54,0.13092317601717632,False,0.7777777777777778,10.0,True,False,False,value_up_good,R136,R136,financial,유동성,True,False,False,,,,True,2032,0.1620618556701031,0.9269687306324451,0.5127235004499848,0.915363055522696,0.7500000000000001,0.7649802804292682,0.7762638216512815,0.815833523734624,0.691559954679886,0.7710110573210253,3.0,True
-0.2371484930494599,0.2371484930494599,False,0.2974924495573234,10,False,False,122.18309530116676,1.1737229694204842e-22,0.05644245936785307,False,0.7777777777777778,10.0,True,False,False,value_up_good,R133,R133,financial,유동성,True,False,True,,,,False,2032,0.1620618556701031,0.6251472939018632,0.5103160213758667,0.39462334813353006,0.7500000000000001,0.569563664210025,0.570021665852815,0.5863303534461345,0.5518809716883355,0.606017332682252,4.0,True
-0.24160235236350477,0.24160235236350477,False,0.19857228499790777,10,False,False,123.41958585705197,6.515788890553007e-23,0.05705367565845377,False,0.8888888888888888,10.0,True,False,False,value_up_good,R116,R116,financial,유동성,True,False,True,,,,False,2032,0.1620618556701031,0.6374212302189874,0.3253529531465153,0.39889673064967146,1.0,0.5686116011395852,0.5904177285037936,0.5936157153362476,0.4999952322145059,0.6723341828030349,5.0,True
0.2588076049842298,0.2588076049842298,False,0.2914165881613649,10,False,False,145.73869898071825,1.5160937111713071e-27,0.06808635639185281,False,0.6666666666666666,10.0,True,False,False,value_down_good,R121,R121,financial,유동성,True,False,True,,,,False,2032,0.1620618556701031,0.6848354299268422,0.49895524401628455,0.47603286997923994,0.5,0.5503437761787859,0.5399558859805917,0.5886136942635639,0.5328496384903967,0.5319647087844733,6.0,True
0.24929325651013814,0.24929325651013814,False,0.2075623800602053,10,False,False,187.51351685277473,2.7150798847202425e-36,0.08089838524235003,False,0.6666666666666666,10.0,True,False,False,value_down_good,R140,R140,financial,유동성,True,False,False,,,,True,2228,0.08123711340206186,0.658615808013398,0.34216282779444235,0.5656095074608839,0.5,0.5133554922345289,0.5165970358171811,0.55758189568472,0.4626460016190334,0.5132776286537448,7.0,True
-0.23619779953236655,0.23619779953236655,False,0.2423022071963101,10,False,False,120.98694393411915,2.0734944064330195e-22,0.05585118335843754,False,0.5555555555555556,10.0,True,False,False,value_up_good,R115,R115,financial,유동성,True,False,True,,,,False,2032,0.1620618556701031,0.6225273746670751,0.4071201097143663,0.39048938017536766,0.2500000000000001,0.43699212134950605,0.4175342161392023,0.488761116302716,0.42413893681690334,0.38402737291136185,8.0,True
0.16525868211623865,0.16525868211623865,False,0.18683658404281167,10,False,False,64.93512111646305,4.970765707734678e-11,0.02815782448885413,False,0.7777777777777778,10.0,True,False,False,value_down_good,R138,R138,financial,유동성,True,False,False,,,,True,2031,0.1624742268041237,0.42703350111501615,0.3034092850769691,0.19686837002493612,0.7500000000000001,0.40850650986258286,0.4193277890542304,0.4162288630766424,0.3791415982652282,0.48546223124338433,9.0,True
-0.17840856033132246,0.17840856033132246,False,0.13295508444110127,10,False,False,80.68969015083985,3.5509377286462674e-14,0.035931631315294046,False,0.7777777777777778,10.0,True,False,False,value_up_good,R126,R126,financial,유동성,True,False,True,,,,False,2032,0.1620618556701031,0.46327190839494825,0.2026604889996549,0.25121975215730724,0.7500000000000001,0.40002366964984243,0.41678803738797765,0.42235101482100124,0.3441675890024132,0.4834304299103821,10.0,True
-0.185016461139377,0.185016461139377,False,0.18999328456595707,10,False,False,77.76491629024986,1.3759083056732472e-13,0.034485870632847186,False,0.6666666666666666,10.0,True,False,False,value_up_good,R118,R118,financial,유동성,True,False,False,R076,exact_value_alias,순운전자본비율 duplicates 순운전자본/총자산.,True,2032,0.1620618556701031,0.4814819478212447,0.30931175215072204,0.241111565386269,0.5,0.38546042306884376,0.3829763163395589,0.4137700591487071,0.36211900044755035,0.4063810530716472,11.0,True
-0.15054500174990862,0.15054500174990862,False,0.17547366956331598,10,False,False,53.97272999800316,6.988091475970877e-09,0.0227362660722073,False,0.6666666666666666,10.0,True,False,False,value_up_good,R119,R119,financial,유동성,True,False,False,R077,exact_value_alias,순운전자본/매출액 duplicates 운전자본/매출액.,True,2031,0.1624742268041237,0.386485571090068,0.28216266124131156,0.15896297826064257,0.5,0.3323870653515424,0.33190280264800553,0.3485197645323927,0.3172228915777658,0.36552224211840445,12.0,True
-0.18963429566122134,0.18963429566122134,False,0.1385388302293029,10,False,False,85.07673489949775,4.623642063384018e-15,0.03810021497750754,False,0.5555555555555556,10.0,True,False,False,value_up_good,R117,R117,financial,유동성,True,False,True,,,,False,2032,0.1620618556701031,0.4942077666780286,0.21310109792705065,0.26638163126525005,0.2500000000000001,0.3154689856345738,0.30592262396758235,0.367181347614212,0.2828493469889186,0.2947380991740659,13.0,True
-0.18963429566122134,0.18963429566122134,False,0.1385388302293029,10,False,False,85.07673489949775,4.623642063384018e-15,0.03810021497750754,False,0.5555555555555556,10.0,True,False,False,value_up_good,R127,R127,financial,유동성,True,False,False,R117,exact_value_alias,현금성자산/유동부채 duplicates 현금비율.,True,2032,0.1620618556701031,0.4942077666780286,0.21310109792705065,0.26638163126525005,0.2500000000000001,0.3154689856345738,0.30592262396758235,0.367181347614212,0.2828493469889186,0.2947380991740659,13.0,True
0.1662104737156392,0.1662104737156392,False,0.06558281580800707,10,False,False,90.39870017118157,3.8596401442109155e-16,0.04075108811631136,False,0.6666666666666666,10.0,True,False,False,value_down_good,R137,R137,financial,유동성,True,False,False,,,,True,2031,0.1624742268041237,0.4296564464427631,0.07668636051481634,0.28491548760723306,0.5,0.30888593960872046,0.32281457364120314,0.34790281846542975,0.24201179268704576,0.3582516589129625,15.0,True
0.12575880198343717,0.12575880198343717,False,0.09036003807119132,10,False,False,47.309001928722864,1.338794765135118e-07,0.019440653772859973,False,0.5555555555555556,10.0,True,False,False,value_down_good,R123,R123,financial,유동성,True,False,False,,,,True,2031,0.1624742268041237,0.3181798128641979,0.12301534785941876,0.1359213607570084,0.2500000000000001,0.20954282036848668,0.2067791303701563,0.24158118011753396,0.1830318406161002,0.21542330429612505,16.0,True
0.07895052201067641,0.07895052201067641,False,0.08298948677454111,10,False,False,28.194408707947332,0.00043866030243870825,0.009982406677186027,False,0.6666666666666666,10.0,True,False,False,value_down_good,R135,R135,financial,유동성,True,False,True,,,,False,2032,0.1620618556701031,0.18918565139886429,0.10923373125533997,0.06979303860074688,0.5,0.20348442251641066,0.21705310531373778,0.2019085277406122,0.1779229516975549,0.27364248425099025,17.0,True
0.08219756953331797,0.08219756953331797,False,0.09777968598883172,10,False,False,52.504333082177986,1.3448513740060786e-08,0.021999176016894703,False,0.5555555555555556,10.0,True,False,False,value_down_good,R134,R134,financial,유동성,True,False,True,,,,False,2032,0.1620618556701031,0.19813385826878085,0.1368887663898134,0.15380953617535575,0.2500000000000001,0.18126869463264944,0.18470804020848752,0.18701611283865646,0.16864258527496623,0.19776643216679005,18.0,True
0.09343711944456203,0.09343711944456203,False,0.026930762161573092,10,False,False,66.94793531307641,1.9855424080577465e-11,0.029138870644130704,False,0.5555555555555556,10.0,True,False,False,value_down_good,R141,R141,financial,유동성,True,False,True,,,,False,2032,0.1620618556701031,0.22910778674665697,0.004413912650904765,0.2037274566559001,0.2500000000000001,0.16080200115044857,0.17181228901336548,0.18349579440189445,0.11608763217316881,0.18744983121069242,19.0,True
-0.08794708218891693,0.08794708218891693,False,0.02457015596078831,10,False,False,31.429124287477862,0.00011781722975803766,0.011581376316103738,False,0.5555555555555556,10.0,True,False,False,value_up_good,R124,R124,financial,유동성,True,False,True,,,,False,2032,0.1620618556701031,0.21397835339389346,0.0,0.08097240178832886,0.2500000000000001,0.13038798637583382,0.1362376887955556,0.15663503696519607,0.09244153094702803,0.1589901510364445,20.0,True
0.0759506291599343,0.0759506291599343,False,0.12813238149713724,10,False,False,30.230466927558155,0.0001924373199708396,0.010994296205518376,False,0.4444444444444444,10.0,True,False,False,value_down_good,R139,R139,financial,유동성,True,False,False,,,,True,2031,0.1624742268041237,0.18091855286432043,0.1936428944814156,0.0768677698949541,0.0,0.12774198818271162,0.11285730431017253,0.14071802081268647,0.14453532329781502,0.09028584344813803,21.0,True
-0.022292752292475976,0.022292752292475976,False,0.038331050875747626,10,False,False,13.24563834354558,0.1036728041452895,0.0025942820690136397,False,0.5555555555555556,10.0,True,False,True,value_up_good,R125,R125,financial,유동성,True,False,False,,,,True,2031,0.1624742268041237,0.03304828639531572,0.025730419640818188,0.018138193968564583,0.2500000000000001,0.07126125060455311,0.08172922500117465,0.0618909562211062,0.059695596194756936,0.11538338000093974,22.0,True
-0.010300477412440827,0.010300477412440827,False,0.03728548925737259,10,False,False,5.285241590677288,0.7266993229263055,0.0,False,0.4444444444444444,10.0,True,False,True,value_up_good,R120,R120,financial,유동성,True,False,True,,,,False,2032,0.1620618556701031,0.0,0.023775405859564974,0.0,0.0,0.007132621757869492,0.0059438514648912436,0.0047550811719129955,0.011887702929782487,0.0047550811719129955,23.0,True
-0.4723554350953306,0.4723554350953306,False,1.232224323609691,10,False,False,494.0159797399574,1.3522594307586764e-101,0.2402451704102607,False,1.0,10.0,True,False,False,value_up_good,R227,R227,financial,자본효율성,True,False,True,,,,False,2032,0.1620618556701031,0.9181189346472182,0.8767698195548415,0.8649634720897614,1.0,0.9114593206785702,0.9149630565729553,0.9141579520480416,0.9017532175203286,0.9319704452583643,1.0,True
-0.49261389492450613,0.49261389492450613,False,1.3692142049556528,10,False,False,546.9258959161762,5.941114944973607e-113,0.2663993553713179,False,0.8888888888888888,10.0,True,False,False,value_up_good,R226,R226,financial,자본효율성,True,False,True,,,,False,2032,0.1620618556701031,1.0,1.0,1.0,0.0,0.8,0.75,0.85,0.85,0.6000000000000001,2.0,True
-0.24520065302428642,0.24520065302428642,False,0.2575556741387907,10,False,False,155.10660823877788,1.6849343000214712e-29,0.07271705795293024,False,0.8888888888888888,10.0,True,False,False,value_up_good,R228,R228,financial,자본효율성,True,False,True,,,,False,2032,0.1620618556701031,0.0,0.0,0.0,0.0,0.0,0.0,0.0,0.0,0.0,3.0,True
0.38219960065199404,0.38219960065199404,False,0.48240007691729736,4,False,False,384.2321758600328,4.40942841896783e-78,0.18281446834792653,False,1.0,4.0,True,False,False,value_down_good,operating_loss_freq_3y,operating_loss_freq_3y,nonfinancial,재무위험,True,False,True,,,,,2067,0.14762886597938144,1.0,1.0,1.0,0.5,0.9,0.875,0.9249999999999999,0.9249999999999999,0.8,1.0,True
0.33809682282445436,0.33809682282445436,False,0.44776748994940985,2,False,False,272.23662513038323,3.2943726590726295e-54,0.130616225966576,False,1.0,2.0,True,False,False,value_down_good,net_loss_current,net_loss_current,nonfinancial,재무위험,True,False,True,,,,,2032,0.1620618556701031,0.8446439685364752,0.9282077499050131,0.7144742270507357,0.5,0.7747503609425936,0.746831486373056,0.7901346683068505,0.8152038027174119,0.6974651890984449,2.0,True
0.2882932986847127,0.2882932986847127,False,0.3214518781407655,2,False,False,205.18522228003013,5.158843577142764e-40,0.09747168674247658,False,1.0,2.0,True,False,False,value_down_good,operating_loss_current,operating_loss_current,nonfinancial,재무위험,True,False,True,,,,,2032,0.1620618556701031,0.66920654159017,0.6663595084705494,0.533172716707365,0.5,0.6073043583596888,0.592184691692021,0.6228510799952995,0.6219969700594133,0.5737477533536168,3.0,True
0.17164051917395987,0.17164051917395987,False,0.138979357417499,2,False,False,101.71009974851897,1.908292162298249e-18,0.04632234293055807,False,1.0,2.0,True,False,False,value_down_good,cap_impair_flag,cap_impair_flag,nonfinancial,재무위험,True,False,True,,,,,2032,0.1620618556701031,0.2582865547619587,0.2880997828723929,0.2533844468064688,0.5,0.3145927906515993,0.3249426961102051,0.2997709009764283,0.3087148694095585,0.3599541568881641,4.0,True
0.0983176205829142,0.0983176205829142,False,0.038545189162301985,2,False,False,60.49623299177762,3.7246961451532474e-10,0.02594969500335028,False,1.0,2.0,True,False,False,value_down_good,negative_equity_flag,negative_equity_flag,nonfinancial,재무위험,True,False,True,,,,,2032,0.1620618556701031,0.0,0.07990294986812403,0.1419455212590924,0.5,0.1523599892122557,0.1804621177818041,0.11227241816248866,0.13624330312292587,0.2443696942254433,5.0,True
,,False,0.0,1,False,False,,,0.0,False,,,False,True,False,value_down_good,lawsuit_count_3y,lawsuit_count_3y,nonfinancial,재무위험,True,False,True,,,,,2425,0.0,0.0,0.0,0.0,0.5,0.1,0.125,0.075,0.075,0.2,6.0,True
-0.392371233846569,0.392371233846569,False,0.7204567358780376,10,False,False,348.3813247406024,2.0062301697426396e-70,0.1743756786580955,False,0.7777777777777778,10.0,True,False,False,value_up_good,R157,R157,financial,활동성,True,False,True,,,,False,1961,0.19134020618556702,1.0,1.0,1.0,0.8,0.9600000000000001,0.95,0.97,0.97,0.9200000000000002,1.0,True
-0.36034972915444774,0.36034972915444774,False,0.6016261144426696,10,False,False,277.8405084058195,2.124503948197804e-55,0.13823796537183375,False,0.8888888888888888,10.0,True,False,False,value_up_good,R148,R148,financial,활동성,True,False,True,,,,False,1961,0.19134020618556702,0.9180219878948813,0.825847383525693,0.7911059605787536,1.0,0.8813820035419231,0.883743832999832,0.8928463647393924,0.8651939834286358,0.9069950663998656,2.0,True
0.1877713507054656,0.1877713507054656,False,0.22319415346384874,10,False,False,80.43584207005551,3.9945183008289697e-14,0.03712754590981831,False,0.6666666666666666,10.0,True,False,False,value_down_good,R158,R158,financial,활동성,True,False,True,,,,False,1960,0.19175257731958764,0.4762053857833207,0.2712351517129515,0.2066372150971021,0.6,0.38555960426830205,0.38851943814834355,0.413345305498816,0.3518542352777052,0.4308155505186749,3.0,True
0.1877713507054656,0.1877713507054656,False,0.22319415346384874,10,False,False,80.43584207005551,3.9945183008289697e-14,0.03712754590981831,False,0.6666666666666666,10.0,True,False,False,value_down_good,R164,R164,financial,활동성,True,False,False,R158,exact_value_alias,매출채권회수기간 duplicates 매출채권회전일수.,True,1960,0.19175257731958764,0.4762053857833207,0.2712351517129515,0.2066372150971021,0.6,0.38555960426830205,0.38851943814834355,0.413345305498816,0.3518542352777052,0.4308155505186749,3.0,True
-0.18789140703008084,0.18789140703008084,False,0.22129136650281023,10,False,False,80.34574016474107,4.164920243087743e-14,0.03706236688767473,False,0.6666666666666666,10.0,True,False,False,value_up_good,R153,R153,financial,활동성,True,False,True,,,,False,1961,0.19134020618556702,0.4765127410724376,0.26844651588949675,0.2062604477816595,0.6,0.38473986664491217,0.38780492618589846,0.41288474088136706,0.3504648733264848,0.43024394094871876,5.0,True
-0.16525868211623865,0.16525868211623865,False,0.18846988753205435,10,False,False,64.93512111646305,4.970765707734678e-11,0.02815782448885413,False,0.7777777777777778,10.0,True,False,False,value_up_good,R237,R237,financial,활동성,True,False,True,,,,False,2031,0.1624742268041237,0.41857087310596175,0.22034488711511152,0.15478774345881746,0.8,0.3826322767580855,0.3984258759199727,0.3965725754948258,0.3371047796975707,0.4787407007359782,6.0,True
-0.15044623487811898,0.15044623487811898,False,0.13520901232329274,10,False,False,59.893249253314025,4.891277594103021e-10,0.02658465637977153,False,0.6666666666666666,10.0,True,False,False,value_up_good,R146,R146,financial,활동성,True,False,True,,,,False,1961,0.19134020618556702,0.38064963890200576,0.14228823251482955,0.14569404573666858,0.6,0.3060201705723843,0.31715797928837597,0.3306365728144691,0.2591281508983162,0.37372638343070075,7.0,True
-0.1614166869031093,0.1614166869031093,False,0.15358100637666783,10,False,False,78.87164427469907,8.245117809783123e-14,0.03630719481285813,False,0.5555555555555556,10.0,True,False,False,value_up_good,R143,R143,financial,활동성,True,False,True,,,,False,1961,0.19134020618556702,0.4087350102032663,0.16921337012328602,0.201895175858753,0.4000000000000001,0.29376354926971626,0.2949608890463264,0.3284944555051033,0.25663796348110923,0.3159687112370611,8.0,True
-0.13728029300969496,0.13728029300969496,False,0.1446797629287507,10,False,False,68.83239964454515,8.389690691420751e-12,0.031164139162164522,False,0.5555555555555556,10.0,True,False,False,value_up_good,R145,R145,financial,활동성,True,False,True,,,,False,1961,0.19134020618556702,0.3469436106487328,0.15616812288309811,0.17216574441046917,0.4000000000000001,0.2653666689416431,0.26881936948557505,0.29053029156255644,0.233297645232866,0.29505549558846006,9.0,True
0.07591211050432681,0.07591211050432681,False,0.17279233098226854,10,False,False,47.118594131799,1.455582818125984e-07,0.020874383208003736,False,0.6666666666666666,10.0,True,False,False,value_down_good,R160,R160,financial,활동성,True,False,True,,,,False,1883,0.22350515463917525,0.18983539051153175,0.1973685914424165,0.11268581359977732,0.6,0.25869835730613994,0.27497244888843136,0.24129428558421578,0.2435542458634812,0.33997795911074513,10.0,True
0.07591211050432681,0.07591211050432681,False,0.17279233098226854,10,False,False,47.118594131799,1.455582818125984e-07,0.020874383208003736,False,0.6666666666666666,10.0,True,False,False,value_down_good,R165,R165,financial,활동성,True,False,False,R160,exact_value_alias,매입채무지급기간 duplicates 매입채무회전일수.,True,1883,0.22350515463917525,0.18983539051153175,0.1973685914424165,0.11268581359977732,0.6,0.25869835730613994,0.27497244888843136,0.24129428558421578,0.2435542458634812,0.33997795911074513,10.0,True
0.12597878001314225,0.12597878001314225,False,0.04061893573603867,10,False,False,58.63508890954239,8.628380326831914e-10,0.027019791307119737,False,0.6666666666666666,10.0,True,False,False,value_down_good,R159,R159,financial,활동성,True,False,True,,,,False,1883,0.22350515463917525,0.3180106926567338,0.0036614279825053497,0.14820934303694333,0.6,0.24614350479916042,0.2674703659190456,0.27196903338040945,0.17766425397814092,0.3339762927352365,12.0,True
0.12597878001314225,0.12597878001314225,False,0.04061893573603867,10,False,False,58.63508890954239,8.628380326831914e-10,0.027019791307119737,False,0.6666666666666666,10.0,True,False,False,value_down_good,R163,R163,financial,활동성,True,False,False,R159,exact_value_alias,재고보유기간 duplicates 재고자산회전일수.,True,1883,0.22350515463917525,0.3180106926567338,0.0036614279825053497,0.14820934303694333,0.6,0.24614350479916042,0.2674703659190456,0.27196903338040945,0.17766425397814092,0.3339762927352365,12.0,True
-0.03264718742305672,0.03264718742305672,False,0.10311882392601529,10,False,False,43.08937742509851,8.450322353181247e-07,0.01797611548416932,False,0.7777777777777778,10.0,True,False,False,value_up_good,R154,R154,financial,활동성,True,False,True,,,,False,1961,0.19134020618556702,0.07907318797967963,0.0952583490972885,0.09593237800300547,0.8,0.23148593672369155,0.26756597876999344,0.19297812050974833,0.197833668845031,0.37405278301599476,14.0,True
-0.1487536226656861,0.1487536226656861,False,0.1827031450445978,10,False,False,50.324402935410035,3.540087581781547e-08,0.02168258347100924,False,0.3333333333333333,10.0,True,False,False,value_up_good,R150,R150,financial,활동성,True,False,True,,,,False,1961,0.19134020618556702,0.37631639517176235,0.21189341828836347,0.11735761494656359,0.0,0.19993446702735046,0.17639185710167235,0.24814052348553842,0.19881363042051878,0.14111348568133789,15.0,True
-0.0017603386828663262,0.0017603386828663262,False,0.11251800140715604,10,False,False,35.92578683511874,1.8118055364325844e-05,0.013810972717665055,False,0.6666666666666666,10.0,True,False,True,value_up_good,R236,R236,financial,활동성,True,False,True,,,,False,2031,0.1624742268041237,0.0,0.10903334523275306,0.0718557716508257,0.6,0.16708115789999106,0.1952222792208947,0.12258503479417446,0.15529503836400038,0.27617782337671576,16.0,True
-0.0034670955312213047,0.0034670955312213047,False,0.05780791880594784,10,False,False,10.694253677107554,0.21963215107833464,0.0013802529083542796,False,0.6666666666666666,10.0,True,False,True,value_up_good,R156,R156,financial,활동성,True,False,True,,,,False,1961,0.19134020618556702,0.004369455305745343,0.02885279986963644,0.0,0.6,0.12996667655261454,0.15830556379384544,0.09795528762679996,0.10530029099596729,0.24664445103507635,17.0,True
-0.020494167365795762,0.020494167365795762,False,0.03812061115550533,10,False,False,24.800375227987388,0.0016803473423524212,0.008606749604501735,False,0.5555555555555556,10.0,True,False,True,value_up_good,R147,R147,financial,활동성,True,False,True,,,,False,1961,0.19134020618556702,0.04796033319827959,0.0,0.04177276170643643,0.4000000000000001,0.10274265230077118,0.12243327372617901,0.09024608085510527,0.0758579808956214,0.17794661898094324,18.0,True
